Age,Gender,Height,Weight,BMI,PhysicalActivityLevel
1.5600408275977162,1,-0.8436286749123266,0.39353744125779017,0.806567970784682,0.41691961431809865
1.3940523924639885,0,-1.655106343071899,-1.2342877854639682,-0.4218120846125842,0.41691961431809865
-0.3211614372511973,0,-0.15445432227760317,0.6122466966541271,0.5980771754496013,-1.3683044610880324
1.0620755221965332,0,0.9078182966003905,0.10781015366748534,-0.37103974909286497,0.41691961431809865
-1.3170920480535633,1,-0.4257903018905473,0.23638073328173234,0.4059660652239105,-1.3683044610880324
-0.09984352373956037,0,0.27716469704854096,-2.3586423436740263,-2.214179153970125,0.41691961431809865
0.9514165654407148,0,0.8038368610573275,0.15453720141200347,-0.2869099060279164,-1.3683044610880324
-0.4318203940070157,0,-0.6248139324835007,-1.7137504760915945,-1.3551499820826372,-1.3683044610880324
0.17680386814998572,0,-0.6132436616102169,0.33851314528431015,0.6118724554280107,-1.3683044610880324
1.6153703059756255,1,-0.8193317778324526,-1.139980855550888,-0.7187198830637898,0.41691961431809865
1.6153703059756255,1,-0.749816182370369,1.9402482712969353,2.2583498825105903,-0.4756924233849669
0.7854281303069872,0,0.4890056628853499,-1.1886383032397199,-1.2763400463872236,1.3095316520211642
0.010815433016258064,1,0.146285144751613,-0.1795385427683447,-0.26724386463039407,0.41691961431809865
-0.044514045361651156,0,-1.388628611640362,0.5318663575496351,1.3131549781661298,-1.3683044610880324
0.9514165654407148,0,0.07827601068118681,-2.405710466070172,-2.206394674070517,-1.3683044610880324
-1.1511036129198355,0,0.24687772146619896,-0.41918707119935794,-0.5222367358530182,-0.4756924233849669
-0.37649091562910647,1,0.6019842025593678,-0.7538935012019438,-0.9524324924977026,-0.4756924233849669
1.4493818708418977,0,2.4966723443013805,0.5757843585504862,-0.6670139724212512,1.3095316520211642
0.45345126003953184,0,0.7734820615963347,1.0666661702121767,0.4734939914613055,0.41691961431809865
-0.37649091562910647,0,0.0011191250580709477,0.6856323600968428,0.574774517194095,1.3095316520211642
0.17680386814998572,0,-0.3524140016069403,0.5349291822560781,0.6427251949078593,-0.4756924233849669
-0.2105024804953788,0,-0.22109628846149262,0.131581201598117,0.19619140934469134,1.3095316520211642
-0.09984352373956037,1,0.1724033336939472,0.10649200356925038,-0.02892789392870675,1.3095316520211642
0.23213334652789494,0,0.14816002030239808,0.24862957323321347,0.10798624809839791,-1.3683044610880324
-0.8744562210302895,1,2.086028264634361,-0.2516415033135339,-1.0973921523076455,0.41691961431809865
0.45345126003953184,1,0.15893657125978713,0.2729606682581526,0.12381233139005036,-0.4756924233849669
1.4493818708418977,0,2.1631166243502693,0.46728011119489743,-0.6157935868022335,-1.3683044610880324
-1.0957741345419263,0,-0.49143831935430243,1.0814966987937256,1.2433085036130882,-1.3683044610880324
-1.3724215264314725,0,-0.39027621979808674,-0.6715413888252272,-0.4632430270158058,1.3095316520211642
1.006746043818624,0,0.602097780281314,1.4611374451932324,0.8957315169226567,-0.4756924233849669
0.8960870870628056,0,-1.0633091337777891,0.30853921816345314,0.8612562532009874,-1.3683044610880324
-0.37649091562910647,0,-0.9003646572890021,-1.8584570508124483,-1.3970973850229234,0.41691961431809865
1.0620755221965332,1,-0.2675424526241514,0.804225649034571,0.8411901851637609,-0.4756924233849669
0.06614491139416728,1,-1.9218752314607208,0.6945543074565677,1.897946296392109,-0.4756924233849669
-1.261762569675654,1,-0.49693615308588457,-0.036965283865147455,0.18753620143848934,-1.3683044610880324
-1.1511036129198355,1,0.49096851579504835,-0.9825648680869411,-1.1029180391087992,1.3095316520211642
0.17680386814998572,0,0.5005094639989154,-2.6477454256867836,-2.511748236850946,-0.4756924233849669
0.6194396951732595,1,-0.576077275216682,1.055687103628177,1.2755545955413947,1.3095316520211642
-1.040444656164017,1,-1.0512886170395621,-0.5528632349504577,-0.01911005844339873,-1.3683044610880324
0.23213334652789494,1,-1.5699554192114438,-0.8563027828254387,-0.055777644482799524,-0.4756924233849669
0.6747691735511687,0,-0.576210154144203,0.4836452824281058,0.7286329499777922,-1.3683044610880324
0.3427923032837134,0,-0.29133011213461396,-0.22291942579269233,-0.0937759281663793,-0.4756924233849669
0.3427923032837134,0,-0.0670348925163609,1.0699811872341947,0.9600416647650595,1.3095316520211642
0.28746282490580416,1,0.2346399078632611,-0.6061375858552023,-0.6794749306453627,1.3095316520211642
-1.5937394399431093,0,0.01406735742561212,-0.0826527373664783,-0.11799212463622635,0.41691961431809865
-0.763797264274471,1,0.8905120672901774,0.7920674093252654,0.1895241554030243,1.3095316520211642
0.8407576086848964,1,0.3089014619630638,0.40561045882396035,0.16208111768777514,1.3095316520211642
-0.37649091562910647,1,-0.5445902984910165,1.0099819855884649,1.2108288919844796,-0.4756924233849669
-0.763797264274471,0,0.3436497080504245,-1.6296805872069555,-1.6041332473979055,0.41691961431809865
0.8960870870628056,0,-1.2318737464095277,-0.12702805568460823,0.5202822464623009,-0.4756924233849669
1.504711349219807,0,-1.4031966512373997,0.9489697630088791,1.765048074739295,0.41691961431809865
-1.7043983966989278,0,-1.3767773050812993,0.6232113236769564,1.4010650697897324,0.41691961431809865
-0.09984352373956037,0,0.08676418578424483,-0.9410691537164715,-0.912820829398928,-0.4756924233849669
0.23213334652789494,0,-1.4090686291730836,-0.0989816120315155,0.6595694765894025,1.3095316520211642
-0.37649091562910647,0,-0.26532883503693905,1.528502167615326,1.5073479175063529,-1.3683044610880324
1.5600408275977162,1,2.024125492052346,-1.633419496033962,-2.065795048039838,-0.4756924233849669
-0.5978088291407434,1,-1.9462220878966843,-0.8467228606953708,0.16891965651794572,0.41691961431809865
0.5087807384174411,0,-0.5223475509778401,0.2263948111531503,0.4515587699792586,-1.3683044610880324
1.6153703059756255,1,-0.09293414256208762,0.7358926577590417,0.6743277125474857,1.3095316520211642
0.010815433016258064,1,-0.05004341125407057,0.16938869173550425,0.14015499265128398,-1.3683044610880324
-1.4277510048093818,0,-0.5367269828902316,0.3992590880843203,0.6243485149638904,-0.4756924233849669
0.5087807384174411,1,1.6898660416535018,0.5879496816961577,-0.3371657694034255,1.3095316520211642
-0.1551730021174696,1,0.18835634688578118,-0.7854516048454732,-0.8167334665900444,-0.4756924233849669
-1.759727875076837,1,-1.0138865192531903,1.8430541080313063,2.3769617121240416,0.41691961431809865
0.17680386814998572,1,-0.26441916021748463,-0.5534709444929555,-0.41187165996377695,1.3095316520211642
-0.37649091562910647,0,-2.215026309875176,0.3528048997541972,1.7420992253801397,-0.4756924233849669
0.23213334652789494,0,0.6583612064850594,-0.028550710346814532,-0.37238758751431655,1.3095316520211642
-1.759727875076837,1,-2.3316707304513113,0.5962768745563406,2.1283966092866446,-1.3683044610880324
-1.0957741345419263,1,0.9413082170563957,0.49418946778196854,-0.07518734489562083,1.3095316520211642
-0.5424793507628342,1,0.5712603899392822,0.8662096177314723,0.4157849491535734,0.41691961431809865
-0.26583195887328803,1,1.4958476858447087,1.523587362557929,0.4545514515154768,-0.4756924233849669
-0.8744562210302895,1,-0.28515293277290793,-0.9872450950793836,-0.8029420404837537,-1.3683044610880324
0.9514165654407148,0,-0.7991770510762397,0.9083805578160551,1.284460251664591,1.3095316520211642
0.7854281303069872,1,-0.614966833845289,-0.8874213146162006,-0.5648493340359255,1.3095316520211642
1.228063957330261,0,-0.20365779693468497,0.8094663703319541,0.8071423643979496,0.41691961431809865
1.1174050005744425,0,0.7810081263909581,-0.9512147267634307,-1.1810529450693792,0.41691961431809865
-0.2105024804953788,0,-1.2628209648834432,-0.11179243789986805,0.5550032686349461,-1.3683044610880324
-1.5384099615652,0,-0.6419367612243393,1.5449919836062118,1.7918544986589215,-1.3683044610880324
0.010815433016258064,0,0.5052917740649211,-0.9105237763377796,-1.0473957551463535,-1.3683044610880324
0.8960870870628056,0,2.37400953734869,-0.4705017528799884,-1.3434870629210305,-0.4756924233849669
1.0620755221965332,0,0.3547049247542438,-0.5673797034310407,-0.6961708541786333,1.3095316520211642
0.010815433016258064,1,-0.5531203156218124,-0.3917371546736958,-0.12017556329510672,0.41691961431809865
1.6153703059756255,1,-0.1968558607981267,0.6631337167100994,0.6692435312832334,-0.4756924233849669
-0.5424793507628342,0,0.937129274038302,-0.08413911042092796,-0.5381913131869357,-1.3683044610880324
-0.6531383075186525,1,-2.778944076845136,-0.7932642578603051,0.7718080853758769,-1.3683044610880324
0.010815433016258064,1,0.1311832415291405,1.2691782644349903,1.0149208748764276,1.3095316520211642
1.0620755221965332,0,-1.2379168846720545,0.04903157044933854,0.7064883535136134,1.3095316520211642
0.8407576086848964,0,-1.0997161822091197,-2.0269191438293976,-1.4953141335962623,-1.3683044610880324
0.6194396951732595,1,0.4754522212566023,0.9060791621747065,0.5012070831021475,-1.3683044610880324
-0.9297856994081987,1,0.10586541844321873,-0.5850404492280324,-0.6061263350298911,0.41691961431809865
-0.763797264274471,0,2.0386817103217885,1.4213431382786197,0.11468519410068591,0.41691961431809865
0.010815433016258064,1,1.7150786117014645,-1.4355972609524859,-1.8442344490735776,1.3095316520211642
1.504711349219807,0,-0.4591514901710496,0.510735241528909,0.6836010821020981,0.41691961431809865
0.6747691735511687,1,1.3647694690605308,1.8452340199070538,0.7693606786506119,-0.4756924233849669
-0.9297856994081987,0,-0.8136329317757139,0.3834615362541209,0.7778475441363124,0.41691961431809865
0.17680386814998572,1,1.6755089601493645,1.0291094444008968,-0.003472135947370193,0.41691961431809865
1.3387229140860795,1,0.33147013072304055,-0.37783183199199966,-0.5234419366356737,-1.3683044610880324
1.1174050005744425,1,0.992998651511928,-1.487195050093183,-1.6826825300868211,1.3095316520211642
-0.09984352373956037,1,-0.290259986539102,0.22355156033387094,0.31837356618501716,-0.4756924233849669
0.1214743897720765,0,0.718670443217544,0.5918341312968947,0.11189577580017852,-1.3683044610880324
-0.763797264274471,0,-0.718056728326035,0.49047741980307846,0.8228140595088469,-0.4756924233849669
-0.26583195887328803,1,-0.796514735311089,0.08662560218942249,0.47569774525585734,-1.3683044610880324
-1.4277510048093818,0,0.932344957175151,-1.0284358803840985,-1.2957865286693195,0.41691961431809865
-1.4277510048093818,1,1.0813776746063735,-0.6997725390304643,-1.085224261512625,1.3095316520211642
-1.7043983966989278,0,1.6857627503248227,0.5004481464549859,-0.40033164196094223,1.3095316520211642
-1.040444656164017,1,-0.9451477827037883,-0.4910484743364801,-0.013529606987670346,0.41691961431809865
0.45345126003953184,1,-0.817510592852685,-0.8678046053714981,-0.45157430800669623,1.3095316520211642
0.28746282490580416,0,0.7581661331387741,1.8103336821777722,1.0915274195075002,1.3095316520211642
0.06614491139416728,1,0.4856500513928862,0.7174689394386617,0.3361831967617577,0.41691961431809865
0.17680386814998572,1,-0.39538233968908426,-1.0970357705730862,-0.8590950860605061,1.3095316520211642
1.504711349219807,0,0.1611539202373527,2.105585705696976,1.730086074762663,0.41691961431809865
0.7854281303069872,0,-0.40838718309804994,-0.3752007967128352,-0.17710709094084834,-0.4756924233849669
-1.483080483187291,1,0.465817587302148,0.5817283432399025,0.23167876662570075,1.3095316520211642
0.6194396951732595,1,-0.48928243550868916,1.9113130439621142,2.027182686536314,-0.4756924233849669
1.3940523924639885,1,-0.6329507999924698,-0.7567425869753109,-0.4308309647128858,0.41691961431809865
1.3940523924639885,1,-1.5576664527867907,0.5925311909690827,1.5012719157144767,0.41691961431809865
-1.5384099615652,1,0.8188167361396257,-1.7823396443908335,-1.8713009838714305,-0.4756924233849669
0.3427923032837134,1,0.33753890007286425,0.06693629748657669,-0.14374537888493505,1.3095316520211642
-0.37649091562910647,1,-1.6760202667770627,0.4364927927429412,1.419536621237305,1.3095316520211642
-0.5978088291407434,0,-1.5280876221577342,-0.25769213898101806,0.5650489620080223,0.41691961431809865
0.3981217816616226,1,-0.7177559978262767,0.10770213031454624,0.4503174023576581,1.3095316520211642
-0.37649091562910647,1,0.2240546072852187,1.6023986166229682,1.248212314294086,-0.4756924233849669
1.006746043818624,0,-0.913668038118054,-0.41317343154864106,0.04733562425745413,-1.3683044610880324
0.1214743897720765,1,-1.5095633009129892,-0.8712910283140491,-0.10475879237254651,-0.4756924233849669
-1.040444656164017,1,0.27554730590786225,0.4126426820511986,0.18536863624452077,1.3095316520211642
-0.2105024804953788,0,0.7378843582563495,-0.04894101469758587,-0.4242682650320677,0.41691961431809865
-0.26583195887328803,1,0.9546212251846198,-2.324795959050944,-2.3435308233953123,-1.3683044610880324
-1.2064330912977448,0,0.26108031436906276,0.5345827068682287,0.2986092255514155,0.41691961431809865
1.3940523924639885,0,0.27641089353762544,0.5444190966100285,0.2989915181617289,0.41691961431809865
-1.5937394399431093,0,2.0220154649676,-1.9138986925255081,-2.2661622929335126,-1.3683044610880324
-1.261762569675654,1,-0.24732832771026952,0.12953456681041065,0.20835394260714854,0.41691961431809865
-1.3170920480535633,1,0.8334197009148709,-0.141173480868665,-0.5406818801439626,-0.4756924233849669
-0.8744562210302895,0,-0.3294410415880041,0.03547178143022677,0.16537401396338797,1.3095316520211642
1.504711349219807,1,0.5924522008952452,-0.4309697536987343,-0.679060233685566,-1.3683044610880324
-0.7084677858965618,1,1.373736983110497,1.4801814385412837,0.48450819928101835,1.3095316520211642
-0.37649091562910647,0,1.0859551289830853,-0.26410816499836476,-0.7422398891185419,0.41691961431809865
-0.4871498723849249,1,1.3784367032832496,-1.3402724587673123,-1.6795640414519968,-1.3683044610880324
1.4493818708418977,1,-0.5702610294987224,-1.3218963796360297,-1.000298320466052,-0.4756924233849669
1.006746043818624,0,0.6302954330933838,-1.5314920120236992,-1.6099794881928353,1.3095316520211642
-0.7084677858965618,1,0.9799442234662445,1.41192097084797,0.6410899963978025,0.41691961431809865
-1.5384099615652,1,-1.900122942984948,0.0985483596933646,1.2080074367126004,0.41691961431809865
-0.044514045361651156,0,-1.3459902388605047,0.27609892964309873,1.0140611727101383,-0.4756924233849669
-0.4871498723849249,1,-1.2688737383792492,0.123448880224506,0.8035486714735685,-1.3683044610880324
0.3981217816616226,0,-1.4731093395991803,0.4089658501368489,1.2427197036214706,1.3095316520211642
-0.6531383075186525,1,-0.1999140486328376,1.288339569245916,1.242845202927014,-1.3683044610880324
1.1727344789523517,1,0.9395261942854272,-0.09603579928651136,-0.5487591598238196,-0.4756924233849669
1.5600408275977162,1,0.535488131508956,1.1612331565173415,0.6829926824417957,-1.3683044610880324
-0.044514045361651156,0,-2.4784246557801386,-0.09822828784670014,1.411940372044113,-0.4756924233849669
1.1174050005744425,0,-1.1151138313694886,-1.0065630176518507,-0.44801527690958987,-1.3683044610880324
0.1214743897720765,0,-1.0358192485537536,-0.9600578575905373,-0.4390928644690568,-1.3683044610880324
-0.5978088291407434,1,-0.7540866851655126,0.6520637432450086,1.0032968551171464,-0.4756924233849669
0.1214743897720765,0,0.4453438677073597,2.0891468596852336,1.5224136050226154,1.3095316520211642
-1.6490689183210185,0,-0.06687502145810013,-1.9652480897203597,-1.7732782976652801,-1.3683044610880324
1.5600408275977162,1,1.351768025465026,1.4453549418034748,0.46917148291208827,0.41691961431809865
0.010815433016258064,1,0.41427734837398855,-0.28567980058069525,-0.4807366368809752,0.41691961431809865
-1.1511036129198355,1,1.5620048553897046,1.5390677624472822,0.43243571680876364,-0.4756924233849669
-1.4277510048093818,1,-1.5418381837436168,-1.8747386513604227,-1.168166055383691,0.41691961431809865
0.1214743897720765,0,-0.20241296637297454,-0.15727679800696137,-0.0780332754900726,1.3095316520211642
1.006746043818624,1,0.6167976575017365,0.03598698443481393,-0.30008245989921534,0.41691961431809865
1.0620755221965332,1,1.5787515166155957,0.35146531001011816,-0.4670352763848562,0.41691961431809865
0.5087807384174411,1,-0.6006449205131044,-0.07604007769826732,0.20678844484768327,1.3095316520211642
1.3940523924639885,1,-0.8758263995378247,1.29998818365768,1.7256036273768869,0.41691961431809865
1.3387229140860795,1,-0.30430461871898895,0.2811895410617188,0.37948265287000044,-0.4756924233849669
-0.26583195887328803,1,0.5544405441286764,-1.056713516175905,-1.1882622027811078,-1.3683044610880324
1.5600408275977162,1,-1.3552030013808978,1.1722264121557533,1.9630678982756653,1.3095316520211642
1.504711349219807,1,-0.71161634642328,-0.43472327915983716,-0.0804490709508291,-1.3683044610880324
-1.759727875076837,1,1.1284091717422486,-1.9233723623922847,-2.0653636889019684,-0.4756924233849669
0.6747691735511687,0,-0.7390363615698082,-2.152924696134237,-1.741768861457599,-1.3683044610880324
-1.3724215264314725,1,0.7559082244064775,0.4723882336630513,-0.004523615284088056,0.41691961431809865
0.5087807384174411,0,-0.11645189762182678,-0.41472418534645294,-0.3539896339960085,1.3095316520211642
-0.9297856994081987,1,0.6208685382835528,-0.8539198378872351,-1.042905086349127,-1.3683044610880324
-0.044514045361651156,0,0.061740951563921516,-0.32784503624437983,-0.35881650252821556,-1.3683044610880324
1.3387229140860795,1,0.32290352823506285,0.8059861370372087,0.4996402661027929,1.3095316520211642
0.3427923032837134,0,-0.39225420437505965,-0.4761673629583605,-0.2795522909986186,-0.4756924233849669
-0.6531383075186525,0,-0.4475603845237588,-0.14815026659783692,0.05619500120934331,1.3095316520211642
-0.4871498723849249,1,-1.1522377704595734,-0.19254945552817454,0.4049971487292254,-0.4756924233849669
-0.4318203940070157,0,-0.2683173359621918,-0.16383319198646676,-0.050836157114416115,-0.4756924233849669
0.8960870870628056,0,-0.7285440200688327,-0.03324793672579388,0.3193153734567273,-1.3683044610880324
-0.1551730021174696,0,0.9855316487256459,-0.9842584856877483,-1.2782770145851121,1.3095316520211642
-1.1511036129198355,1,0.209030051574911,-0.2952851654276908,-0.39752626302355026,-1.3683044610880324
0.17680386814998572,0,0.9397883960781152,0.524813889327525,-0.049857931835697485,-1.3683044610880324
1.3387229140860795,1,-0.4115319189203951,-1.1036968994257823,-0.8586340889207376,1.3095316520211642
1.6153703059756255,0,0.2558575513920154,-0.24105183962217072,-0.3716049767611403,-0.4756924233849669
-1.040444656164017,1,-0.43716301122281537,-0.4564331846552175,-0.23920275673444436,1.3095316520211642
-0.26583195887328803,1,-0.16636302458483426,-0.4597416443873182,-0.3715991916302011,-0.4756924233849669
1.3387229140860795,0,0.029742347442848698,0.40718241387248283,0.31051497414854035,1.3095316520211642
0.06614491139416728,0,-1.611705030828936,-0.5124499833699907,0.34088668570136205,1.3095316520211642
-0.7084677858965618,1,-0.991655891011607,0.3863681449434746,0.8936890769048563,0.41691961431809865
-1.5384099615652,0,1.1511588386732414,0.10969084520636115,-0.4742007044376464,1.3095316520211642
1.0620755221965332,1,0.8727185167857736,-0.6687019488057925,-0.9843435504574306,-1.3683044610880324
0.3427923032837134,0,-0.6379540801076261,-0.7488000657059808,-0.42081658770924724,-0.4756924233849669
0.8960870870628056,1,1.3214926627161108,-0.9888152739066389,-1.3921131368986723,-0.4756924233849669
-0.5424793507628342,1,0.80010382900473,0.15714360667989452,-0.28310033025759035,-1.3683044610880324
1.1174050005744425,1,-0.8551959981220899,1.3471222863852126,1.7569418496093738,0.41691961431809865
-0.4871498723849249,1,0.15267747858357428,0.5328655463163593,0.35521957349631594,-1.3683044610880324
0.1214743897720765,1,-1.2240524732556093,-0.5892048402356448,0.037197212182087436,-0.4756924233849669
1.1174050005744425,1,0.36071676471437797,-1.4448515720781951,-1.4509949549665313,-0.4756924233849669
0.6747691735511687,1,-0.409207306094748,-0.6143343769803821,-0.4008662918156372,-0.4756924233849669
0.1214743897720765,1,1.8229401172756259,0.05570207910776891,-0.7821811706295997,1.3095316520211642
0.3981217816616226,0,0.5340097492943097,0.06040874261773927,-0.24172474855938558,-1.3683044610880324
1.504711349219807,1,0.6156048669431808,-0.22603959337165136,-0.5178446156951321,1.3095316520211642
0.010815433016258064,1,0.29613742596859577,-1.8107461638855278,-1.7455968637641053,0.41691961431809865
0.8960870870628056,0,-0.5863909790196543,0.5346977557912549,0.7837196082571062,1.3095316520211642
-1.759727875076837,0,1.4004031590194796,-1.8020387903581563,-2.0389369397977837,0.41691961431809865
-1.5384099615652,0,-1.6807531082931526,-0.8467661014885068,0.01603906809509285,1.3095316520211642
1.504711349219807,1,-0.06062725473247765,-1.6595226492775028,-1.5000495190767085,-0.4756924233849669
-0.1551730021174696,0,-0.6781290062751694,-0.223723672313745,0.1065553521272957,-1.3683044610880324
-1.7043983966989278,1,-0.6243068945018582,0.016021825454137658,0.30831592490542326,1.3095316520211642
-1.2064330912977448,1,1.00890967774188,1.007205408593111,0.30242317576646477,-1.3683044610880324
-0.9851151777861079,0,-0.35364905311501393,0.9349982743806381,1.016025989515362,1.3095316520211642
-0.763797264274471,1,-0.30009423915104005,0.7733974201257369,0.8326225393501777,1.3095316520211642
-1.1511036129198355,1,-2.223822036394554,0.95341450010727,2.4561109362933857,-1.3683044610880324
-0.4318203940070157,0,0.0702062121406878,0.5272620243792627,0.3951853590790838,-0.4756924233849669
-0.7084677858965618,1,-0.10848826588176422,-0.2458926158974318,-0.20493427057510308,0.41691961431809865
-1.5937394399431093,0,-0.12092562175423757,0.6922804782569357,0.6512452923658644,0.41691961431809865
-1.6490689183210185,1,0.21460439960649227,-2.5311967766915586,-2.349228103566754,0.41691961431809865
0.17680386814998572,1,1.7096315618819167,-0.047136687227640334,-0.8154466489183754,1.3095316520211642
-1.6490689183210185,0,-0.00017019173529099046,0.4342658441551824,0.3508995692852703,0.41691961431809865
-0.37649091562910647,1,-0.2261972414778211,0.566894649021641,0.5982741832314811,0.41691961431809865
-1.759727875076837,0,-0.1510618878045266,1.6692910014224758,1.5573590473755232,-1.3683044610880324
-0.37649091562910647,1,-0.9766029844109165,-0.7999768522608911,-0.3068379736888756,-1.3683044610880324
-1.3724215264314725,0,0.8171253837648048,0.6354338981759023,0.09889022103256985,0.41691961431809865
1.5600408275977162,0,-0.6295076404972354,0.5834073103719681,0.8572697512440894,0.41691961431809865
-0.9297856994081987,0,0.4952070755054128,-0.9635173811798877,-1.0883864953476645,-1.3683044610880324
-0.044514045361651156,1,0.23774273033812043,-0.39814261609983054,-0.49993572192735297,0.41691961431809865
0.9514165654407148,1,-1.234068317348351,0.9133517353493977,1.5997067664084563,-0.4756924233849669
0.6194396951732595,1,-1.386974217650673,0.12535843606417413,0.882588637235678,-1.3683044610880324
0.010815433016258064,1,-0.7080666207617876,-0.14279661464316873,0.20132990755972455,-0.4756924233849669
1.3387229140860795,1,-0.8182402472865451,-1.936253908351205,-1.503184585658515,1.3095316520211642
-1.3724215264314725,0,-0.6009408965089595,-1.6087261557703907,-1.2630194532433743,-0.4756924233849669
1.3940523924639885,0,-1.2395994451872978,1.3215039446259274,2.027055215863776,1.3095316520211642
1.2833934357081702,0,-0.12208534276687798,-1.0852663284616397,-0.9590727113685977,1.3095316520211642
-1.4277510048093818,1,0.5530192441184621,0.6040079095011938,0.20557502502991185,-0.4756924233849669
0.6194396951732595,1,-0.7522926714018824,-1.5513799358184204,-1.150023560157829,-0.4756924233849669
0.6747691735511687,1,-1.031581002701233,-0.7774379924816744,-0.25658538838977046,-1.3683044610880324
1.504711349219807,0,-2.2321218125021614,0.31466962745516963,1.7110387306295956,-0.4756924233849669
-1.483080483187291,1,-0.6271993677606139,0.4157607077743541,0.6945294995447502,0.41691961431809865
-0.4318203940070157,1,-0.6154311411688788,0.8463329229660836,1.1010652641989145,0.41691961431809865
-1.3724215264314725,1,0.5390741611835826,-1.277462633046607,-1.3682857473508956,-1.3683044610880324
-0.8191267426523803,0,0.13134562588034732,0.3969508893071745,0.2471599257694984,0.41691961431809865
-1.1511036129198355,0,0.48501066663738174,0.43459425663004053,0.09737141227344151,0.41691961431809865
-1.5384099615652,1,0.22998005665772986,0.9888182491103914,0.7104617348736316,1.3095316520211642
-0.7084677858965618,1,0.6777849947347141,1.0831063036006356,0.5387486822067341,1.3095316520211642
-0.2105024804953788,1,0.6222306326208281,-0.759688658782477,-0.9649607047425568,-0.4756924233849669
1.504711349219807,1,0.8649551133319698,0.3286636773670401,-0.17319188396905857,0.41691961431809865
0.5087807384174411,0,0.5275125763725139,2.623338188490745,1.9177210978970043,1.3095316520211642
-1.759727875076837,1,-0.8226385383191955,1.7156842945474122,2.095831587626701,-0.4756924233849669
0.9514165654407148,1,-1.4972844330562147,-0.5838547794780926,0.19649344491371984,-0.4756924233849669
1.3387229140860795,0,-0.3336107788098528,0.9959188147572925,1.0599192200737122,1.3095316520211642
-1.6490689183210185,1,2.2429001763239818,1.6121050064892852,0.15510141165550032,-1.3683044610880324
-1.759727875076837,1,-0.12417967952520667,0.6449986139481004,0.6102843348954127,0.41691961431809865
-0.763797264274471,1,0.4241097948542905,2.1351254991018283,1.575671630315914,1.3095316520211642
0.06614491139416728,0,-0.05596996235028955,0.6761007279040234,0.5989686191748239,1.3095316520211642
-0.37649091562910647,1,0.03918196404745414,0.9744673708028054,0.8100284309607995,-1.3683044610880324
-0.5424793507628342,0,-2.0677680726304755,-1.2594995249614998,-0.23431857055929753,-1.3683044610880324
-0.8191267426523803,1,0.45882472707604743,-0.9316407944106467,-1.0479227423771411,-1.3683044610880324
-1.759727875076837,0,-0.09523071292589996,0.9693504558727006,0.8865961237817626,-1.3683044610880324
1.6153703059756255,0,-0.9219229549916226,-1.5861860335806297,-1.1178053638410446,-0.4756924233849669
-0.9851151777861079,0,-0.27417755232739843,-0.24666053202918642,-0.12428089541376655,-0.4756924233849669
1.0620755221965332,1,0.32221189841941794,-0.04628124498093169,-0.2338951017267721,1.3095316520211642
0.1214743897720765,1,0.2958166576105414,0.6178210108365451,0.35210797354270373,-0.4756924233849669
1.1174050005744425,0,0.13848465392340417,1.3597732704557899,1.0900845605098883,1.3095316520211642
-1.6490689183210185,0,-0.5573262066621157,1.30785864986349,1.503517070759805,1.3095316520211642
-0.37649091562910647,1,0.27046248123356575,0.07707597505077889,-0.10267174028310296,0.41691961431809865
0.3427923032837134,1,-0.6176412767063006,-0.34097810024779324,-0.03849672302705828,0.41691961431809865
-1.040444656164017,0,-0.6644432789320114,0.69471655778772,0.9868037788632459,-0.4756924233849669
0.28746282490580416,1,0.7386959900915272,1.0595238902873472,0.4863051454617152,-0.4756924233849669
-1.040444656164017,0,1.2081483060990517,-0.5521261365272371,-1.0147310027818544,1.3095316520211642
-0.763797264274471,0,1.579484147573322,1.271386938176232,0.2227524028342769,0.41691961431809865
0.8407576086848964,0,-0.2795060934024727,-1.562198200504873,-1.336079626154171,1.3095316520211642
-0.9297856994081987,0,0.9636094863524629,-0.31048823408095827,-0.7307327279016732,-1.3683044610880324
-0.3211614372511973,0,-1.1627795007191306,0.48723988766645115,1.109444634179831,1.3095316520211642
0.5641102167953502,1,-0.13306589173265848,-0.7594832739304482,-0.6590790422029508,0.41691961431809865
1.228063957330261,1,1.6179047220460336,0.2754968284078782,-0.5399075406854038,-1.3683044610880324
0.730098651929078,1,0.782861145063555,-0.0005735313368205974,-0.4042906399306233,-1.3683044610880324
-1.5937394399431093,0,-0.8972364105899078,-0.5718466119348928,-0.11923476939299955,-0.4756924233849669
-0.9297856994081987,0,-0.5488675498877047,-0.47775951463421035,-0.20432041766758244,-1.3683044610880324
-0.044514045361651156,0,0.5218934550758898,0.5839437409247108,0.20466187633576954,-1.3683044610880324
0.28746282490580416,0,0.1405531101402514,-0.8346251782885933,-0.84049260933565,-0.4756924233849669
-0.4871498723849249,0,-0.7397469886639888,0.3330540732917883,0.682889693898758,1.3095316520211642
-1.1511036129198355,1,-0.40488414149798063,-0.04048328148958635,0.13476283178527937,0.41691961431809865
0.3981217816616226,0,0.28157711966462734,0.2396003350766026,0.03254473487882651,-0.4756924233849669
1.1727344789523517,0,1.220936222750335,0.23559609931727793,-0.4053125016738375,-0.4756924233849669
1.1174050005744425,1,1.2924275952013784,0.4789360456803632,-0.2474708171682696,-1.3683044610880324
-0.9851151777861079,1,-0.18176682139740477,0.9463928656597385,0.9188845861276226,0.41691961431809865
0.730098651929078,0,0.3331546827953409,-1.1611386935225834,-1.1978709784499189,0.41691961431809865
-0.044514045361651156,0,0.20873309341262522,-0.9177929607209144,-0.9404331128092521,0.41691961431809865
-0.044514045361651156,1,0.2571430284227778,-0.2085477149745821,-0.3439911702461253,-1.3683044610880324
-0.4871498723849249,0,-1.4467965307084523,-0.46443859598203735,0.29457272834054343,0.41691961431809865
-1.0957741345419263,0,-0.019457767795686406,0.495100896329667,0.4159150551479239,1.3095316520211642
-1.7043983966989278,0,1.896289785791873,-1.2067626712638255,-1.7255247126223217,0.41691961431809865
-0.2105024804953788,0,0.5109232217548195,0.41088799504536616,0.06441281352364382,-1.3683044610880324
0.6194396951732595,1,-0.5969135453576396,0.4223183063986596,0.6824811668906939,-0.4756924233849669
0.3427923032837134,1,0.7279177279524468,0.5741406636156304,0.09274639790531292,1.3095316520211642
1.1174050005744425,0,0.6925170035463833,0.16866058977654122,-0.22462959798998888,-1.3683044610880324
0.8407576086848964,1,0.2388061254056277,0.07915851646955012,-0.08546123904798865,-1.3683044610880324
-1.6490689183210185,0,0.11777263369220739,0.5755645676966462,0.41179732457245577,1.3095316520211642
1.1727344789523517,1,0.5525783040441897,0.7846415631811762,0.3573584525310079,0.41691961431809865
1.3940523924639885,1,1.2916443237831414,0.7178576447446371,-0.06229606466308809,-0.4756924233849669
1.006746043818624,0,-2.3448001437121593,1.0683027342991493,2.704388800434791,1.3095316520211642
-0.4871498723849249,1,0.7151860793073077,0.04831408045283885,-0.3342005639093007,0.41691961431809865
-1.7043983966989278,0,0.2914042145918898,1.0800796978386493,0.7539388181953551,1.3095316520211642
0.6194396951732595,0,0.3555321887870981,2.4238433566906243,1.8696094085411588,0.41691961431809865
-1.261762569675654,0,1.1660932612679022,-1.2017982648881849,-1.5089038491894722,0.41691961431809865
-1.483080483187291,1,0.7682335529662369,2.4357935422503494,1.597764778602355,-0.4756924233849669
-0.4318203940070157,1,-2.5650675835531307,-0.1098011733334203,1.4658483507111726,-0.4756924233849669
0.6747691735511687,1,-0.5266319290084231,1.9062528077702117,2.050881615340835,0.41691961431809865
-0.4318203940070157,1,0.7388721455818402,0.1347603996051041,-0.2737383124765184,-1.3683044610880324
-0.3211614372511973,1,1.672191337491411,-0.7390438025238693,-1.3154049454333012,0.41691961431809865
1.6153703059756255,1,-1.7927311725012198,-0.3066960331433423,0.6802894710236101,1.3095316520211642
0.28746282490580416,0,-0.2979303546220113,-0.2174232324864361,-0.0853741469634026,-1.3683044610880324
0.1214743897720765,1,-1.358946974079107,0.15120012768836227,0.8913475086605224,1.3095316520211642
-0.2105024804953788,0,0.5046242278514392,0.7682435562778523,0.3689995520013696,-0.4756924233849669
-0.044514045361651156,0,0.8555835586966131,0.0270108765891795,-0.4135748606376395,-0.4756924233849669
0.5641102167953502,1,1.074586818472435,-2.0769407517943153,-2.1735095774241895,-1.3683044610880324
-1.5937394399431093,1,-1.4843176821902107,-0.6860736618688378,0.07970951655378751,-0.4756924233849669
1.3387229140860795,1,0.0036309206905011993,-0.9292733109098186,-0.8690422401430884,-1.3683044610880324
-0.8191267426523803,1,1.092932157673262,-0.5110339719310961,-0.940160663432555,1.3095316520211642
1.0620755221965332,0,-0.7694991598160592,0.20156746309440185,0.5723865055262807,-1.3683044610880324
-1.7043983966989278,1,0.9343204698513258,0.045505512630662534,-0.4327474117255951,-0.4756924233849669
0.3427923032837134,1,1.2487978597434262,-0.14391456204813818,-0.712142835238449,-0.4756924233849669
0.010815433016258064,0,-1.3498006913649099,-0.6313016785978117,0.06263229016597605,1.3095316520211642
-0.6531383075186525,1,-0.5248183151063914,-1.3578454630874013,-1.0526642049201334,-0.4756924233849669
-0.6531383075186525,1,-2.029415690138332,-1.7293135645135023,-0.7939802909754722,-1.3683044610880324
-1.1511036129198355,0,2.5774675682698103,1.0354122597874489,-0.3859926056570292,0.41691961431809865
1.5600408275977162,1,-0.6391778054909334,-0.9249756472951833,-0.5899810998314093,-1.3683044610880324
1.3940523924639885,1,0.4365821108943001,2.2178929667601084,1.6376743650288523,-0.4756924233849669
0.1214743897720765,0,-1.2661356609887897,-0.11803401596373746,0.550544401242238,1.3095316520211642
1.006746043818624,0,1.013228276798038,-0.5478483857636676,-0.9396460129937829,0.41691961431809865
0.23213334652789494,0,-1.4529681334904356,0.4577015578063744,1.2803781120993871,1.3095316520211642
1.6153703059756255,0,0.7435215389645445,-0.6353502857107548,-0.9083785772261685,0.41691961431809865
-0.044514045361651156,0,0.03553889225670354,-1.3007156340437798,-1.21243598053924,-1.3683044610880324
-0.4871498723849249,0,1.178945297455936,1.6333162120776261,0.7072076002411877,1.3095316520211642
-0.2105024804953788,1,-0.9349588801792863,0.4769448172839951,0.9477622733062109,0.41691961431809865
-1.4277510048093818,1,-0.8370390259071903,0.3617585023428739,0.771067847156564,1.3095316520211642
-0.5978088291407434,0,0.8419946338578362,-1.2548256346142435,-1.4490841938393337,1.3095316520211642
0.5641102167953502,1,-0.062484983040324606,0.177632636793803,0.15408096324975185,-1.3683044610880324
-0.9851151777861079,1,0.9662862523958373,0.600110590630365,-0.002023268410681163,-1.3683044610880324
1.1174050005744425,0,0.1671937216030575,0.7095523506474,0.5022431414289968,-1.3683044610880324
-0.5424793507628342,1,-0.7900984529010917,-1.3868127116250852,-0.9738125286268664,-0.4756924233849669
0.010815433016258064,1,1.1796119364355884,-0.10634397234823642,-0.655328058506493,-1.3683044610880324
-1.3170920480535633,0,-0.13102328456213222,-0.42143437612097434,-0.3532666331669403,0.41691961431809865
0.5087807384174411,0,-0.2464251345811163,1.470755062950613,1.4412294625738982,-0.4756924233849669
1.1727344789523517,1,-0.2271457334550745,-2.105684313118166,-1.853272202591272,-1.3683044610880324
0.8407576086848964,1,1.2555200144291248,-0.15048222607486877,-0.7198888905050687,0.41691961431809865
-1.7043983966989278,0,-1.67623001692902,0.08960996534704876,1.0395793013214683,1.3095316520211642
1.6153703059756255,0,0.2527543173380744,-0.8231959416599832,-0.8754767893079767,1.3095316520211642
-0.9297856994081987,1,0.862676813175288,0.04195103071737588,-0.4045497317636378,1.3095316520211642
-1.5937394399431093,1,-0.30357810560317045,-1.481759057902511,-1.2530281699279209,1.3095316520211642
0.8960870870628056,0,0.8412357377313404,0.27002875009160593,-0.20986605400848907,-1.3683044610880324
-1.4277510048093818,0,-0.7328869598265141,1.2509340371854902,1.5731234539981462,1.3095316520211642
-0.2105024804953788,1,0.3497726622765096,0.6723814239562368,0.3701463980102228,-1.3683044610880324
1.3940523924639885,0,1.8137142403942301,0.31230624750957653,-0.5909211252305373,1.3095316520211642
0.8407576086848964,0,-1.6815930861923898,-0.0035547187630248934,0.9411331163192156,-1.3683044610880324
0.6747691735511687,0,0.8396660769195214,-0.9540310380228877,-1.203892021101899,1.3095316520211642
1.0620755221965332,0,-1.5932394199925493,0.2955663671448101,1.2059047320493577,0.41691961431809865
0.9514165654407148,1,-0.3497920965692834,-1.674069115466749,-1.4150519911864026,1.3095316520211642
0.010815433016258064,1,1.4284480735295768,-1.4525364001390664,-1.7794585150572984,0.41691961431809865
-0.26583195887328803,1,0.6244807348256473,-1.171840548126383,-1.3088516976620974,-0.4756924233849669
0.45345126003953184,1,-0.6595606549358622,1.943523416596664,2.1898317468032644,-0.4756924233849669
-1.3170920480535633,0,0.11477848880251204,1.0072356140906684,0.7940844167185342,-0.4756924233849669
1.0620755221965332,1,-0.12396790056757648,-1.5091824421764308,-1.342606873952074,0.41691961431809865
1.0620755221965332,1,-0.33301685925870556,2.2717116538419804,2.244751066627007,-0.4756924233849669
-0.9851151777861079,1,-0.09380991839987578,0.11338128926929616,0.11251168959060462,-1.3683044610880324
0.010815433016258064,0,-0.5170381252204848,1.2410773127891541,1.4119580392609374,-1.3683044610880324
1.5600408275977162,0,-1.8748788560412886,-0.8359690641016441,0.1391591725038843,-0.4756924233849669
0.1214743897720765,0,2.2591178455331016,-0.29075554358972316,-1.1822816505524245,1.3095316520211642
-0.2105024804953788,0,-2.1908177547277146,-1.1315653933375471,-0.01684344064638335,-1.3683044610880324
1.4493818708418977,1,0.1438950787639192,0.3744665374169416,0.22076542334838137,-0.4756924233849669
-1.6490689183210185,0,1.3842094611188382,1.0415968605319306,0.14314422672884003,-1.3683044610880324
0.3427923032837134,0,0.5342655424121563,-0.833468816125712,-0.9933785256207707,0.41691961431809865
0.730098651929078,0,-0.7983859593194996,0.8501194756898157,1.2266947612932095,-1.3683044610880324
1.3387229140860795,1,0.9291551767568088,0.1938176548645524,-0.311173135007629,-1.3683044610880324
-0.6531383075186525,0,-0.8956483801090142,1.2042292765782547,1.6451631111449463,-0.4756924233849669
1.3940523924639885,1,0.5314334501629575,0.10026850117222769,-0.2070101735543751,1.3095316520211642
-0.9297856994081987,0,-1.1183554196954806,1.0149029928363504,1.618407391068252,0.41691961431809865
0.5087807384174411,1,0.43604484575065605,-2.575084142580776,-2.436500086372606,0.41691961431809865
-1.5384099615652,1,-1.2211233813136744,1.8541145421696554,2.563394003758608,-0.4756924233849669
-1.3170920480535633,1,0.4205531424204491,-0.48754451446241626,-0.6553939080531644,-0.4756924233849669
-1.5384099615652,1,-0.5454827232676158,0.39699399791008994,0.6274075202964347,1.3095316520211642
0.8407576086848964,1,1.1523837607450487,-0.83564117917087,-1.2171088439108027,-0.4756924233849669
-0.8191267426523803,0,1.6798174911674895,-0.29797246744182104,-0.9904711604744699,1.3095316520211642
0.6747691735511687,0,0.16017510078491906,0.21320287439347127,0.07075546542274543,-1.3683044610880324
0.06614491139416728,1,-1.2595530930913574,1.3895085367961413,2.11366835850626,1.3095316520211642
1.6153703059756255,0,0.4860425159618071,-0.5199359469535039,-0.710038023150585,0.41691961431809865
-0.5424793507628342,0,0.12963067856006005,0.00033242580042975434,-0.101071124808462,1.3095316520211642
-1.0957741345419263,0,-1.4343520020599752,1.3369622731910835,2.201438228997598,-0.4756924233849669
1.3387229140860795,0,0.870169877715113,0.663735274399064,0.0957876532987202,1.3095316520211642
0.3981217816616226,0,-1.9587364987155964,-1.2999401562738666,-0.3387928182435866,0.41691961431809865
0.6747691735511687,1,-0.7313458672020002,0.15390589761898615,0.5032352366112336,-0.4756924233849669
-0.763797264274471,1,0.25785500816426293,1.957507868328955,1.5346615699221635,0.41691961431809865
1.1727344789523517,1,1.2695533183407983,1.3002519242422876,0.3995558160005238,-0.4756924233849669
-0.5424793507628342,1,-1.2855056658822506,0.33731155776004657,1.037334413805135,0.41691961431809865
-0.8744562210302895,0,-1.0269709425023246,-0.5268343931224545,-0.005800536067065809,0.41691961431809865
0.3427923032837134,1,-1.4317388454338489,-0.007261621163424124,0.7713696615146461,0.41691961431809865
0.7854281303069872,1,-0.24994394672039055,0.39704212240888476,0.45585367480079664,-1.3683044610880324
0.3981217816616226,1,-0.015223672626247837,1.940909060427772,1.707744469031318,-0.4756924233849669
-0.3211614372511973,1,0.9286744928284412,-1.2600783357670482,-1.480961997924995,0.41691961431809865
-0.8744562210302895,1,1.7163261521336874,1.7423437364014247,0.5051875004169396,1.3095316520211642
1.6153703059756255,0,0.6789589350019467,0.9992735347184818,0.46875612290683294,0.41691961431809865
1.5600408275977162,0,0.37447534571383884,-0.32864814770002304,-0.5000076052313449,0.41691961431809865
-0.37649091562910647,1,0.08709974535580717,-0.5824847218440025,-0.5957485112208343,-1.3683044610880324
-0.3211614372511973,0,0.3214012661757474,-0.36123643823509083,-0.5047589464126873,1.3095316520211642
0.6747691735511687,0,-1.3016384798771072,0.7487198978262283,1.4781715339854538,0.41691961431809865
-1.3724215264314725,0,-0.4437080612992053,-0.0615153885868806,0.13571969634948067,0.41691961431809865
-1.7043983966989278,0,-1.5818801655059855,0.12530127827460877,1.013512822575602,1.3095316520211642
0.7854281303069872,1,0.7885951618853501,-0.4109934431208538,-0.74222087964165,-0.4756924233849669
0.7854281303069872,0,-1.2562271543807415,-0.13650888456901428,0.5252759321793286,1.3095316520211642
1.228063957330261,1,-1.2300006137527422,0.9685183012874445,1.6538236167529017,-1.3683044610880324
0.17680386814998572,0,-0.9177544432565387,0.982410179428561,1.4403404919572655,-0.4756924233849669
0.7854281303069872,0,-1.7691919733625954,0.9285959602114341,2.034902228593073,0.41691961431809865
0.17680386814998572,1,1.4406326789884252,0.7686969453698695,-0.09172660717778854,-0.4756924233849669
1.3940523924639885,1,0.9204803128511162,-2.0598148655420876,-2.1225251930378755,-0.4756924233849669
0.6194396951732595,0,0.22178248622584956,1.0747398601483569,0.7900541963080882,-0.4756924233849669
-0.26583195887328803,1,-0.39362681608932415,-0.5678601775601322,-0.36468401933170735,0.41691961431809865
0.9514165654407148,0,-1.0785544602194905,-0.09661399356195985,0.45926824108065906,1.3095316520211642
-0.7084677858965618,0,-0.13507158706667058,-1.590405792339136,-1.4124214266678667,-0.4756924233849669
-0.7084677858965618,0,-0.8938586335225382,0.2469771816586165,0.6926581786114262,1.3095316520211642
1.1727344789523517,0,0.9916935417594316,-0.36846926272765185,-0.7882194332199575,-0.4756924233849669
-0.044514045361651156,1,-0.7786492646326103,1.3751357972170297,1.7277742852193967,1.3095316520211642
0.8960870870628056,0,-1.1848160515349522,-0.599082559912872,0.005611487714827341,1.3095316520211642
0.010815433016258064,1,0.7320826449607726,-0.06539390873098695,-0.4352631592150896,0.41691961431809865
1.6153703059756255,1,1.1911853349898418,0.08478535811013875,-0.510500714172914,0.41691961431809865
-1.7043983966989278,1,-0.045581210989522086,1.4711667053052397,1.3071804106154956,0.41691961431809865
1.5600408275977162,0,0.08723678959681504,-0.2758947458716572,-0.3246012148374047,0.41691961431809865
-0.26583195887328803,1,-1.6994407037424277,-1.5051558043374464,-0.6970686945139045,-0.4756924233849669
0.17680386814998572,0,0.7817067414515637,0.25421567237777526,-0.19539702120745042,1.3095316520211642
1.228063957330261,0,1.6235692122292167,0.49071412899762035,-0.381500919700057,-0.4756924233849669
-0.4318203940070157,1,-0.44395236690611795,-0.18299145968113947,0.021507033166912,-0.4756924233849669
1.4493818708418977,0,-0.32967395269068084,0.8698112174902413,0.9402941791515026,-0.4756924233849669
-1.3170920480535633,0,-0.5010738518922828,1.046545175440624,1.2166221367359176,-0.4756924233849669
1.1727344789523517,1,-1.4440690539599472,1.3233426405657118,2.1950024823288645,-1.3683044610880324
1.0620755221965332,1,-1.6049563567316953,0.6529126216041874,1.6022545948107358,-0.4756924233849669
1.1174050005744425,0,-0.30103281701846357,-1.09355885405763,-0.8946788514023426,1.3095316520211642
0.8407576086848964,0,-1.4268372429360667,0.2956649136369999,1.089782666387556,-1.3683044610880324
0.06614491139416728,1,-0.36938716352869105,0.7405230669738595,0.8445915926590312,-0.4756924233849669
-0.044514045361651156,0,0.07790564064229273,-0.483640365490959,-0.5042287959106309,-1.3683044610880324
1.0620755221965332,1,0.1905661555961218,-1.5311902044853147,-1.4695244152141622,-1.3683044610880324
-0.763797264274471,1,-0.6628190362942675,-1.253684803366241,-0.8968565334464762,-0.4756924233849669
0.5087807384174411,1,-0.5799267749400099,0.42879955212089116,0.6784288980744644,0.41691961431809865
-1.0957741345419263,1,1.1004414539633174,0.22496735949252622,-0.3616843561131461,0.41691961431809865
0.6194396951732595,1,0.36021865835685685,0.6751979705078521,0.3669609592460352,0.41691961431809865
1.228063957330261,1,1.0162869579330933,1.394016627055342,0.6069714013185356,0.41691961431809865
-0.7084677858965618,1,1.3973804545039072,0.13559044784519322,-0.5561720190734439,-0.4756924233849669
0.1214743897720765,0,-0.189470714656319,-0.6955858666528683,-0.5762412753179645,0.41691961431809865
0.3981217816616226,0,1.118016305125991,0.03251353061375469,-0.521023457450085,1.3095316520211642
-1.3724215264314725,1,-1.206225148254208,0.012617971978756798,0.6489271107877803,-1.3683044610880324
-0.8191267426523803,0,0.0823871540947602,-1.1719923007706898,-1.115469091025176,-0.4756924233849669
-1.759727875076837,1,0.814112680913882,1.562183831565189,0.8556366648205281,-1.3683044610880324
1.3940523924639885,1,0.9333876338360348,0.3397172167350523,-0.1957048155993157,0.41691961431809865
-0.6531383075186525,0,-0.2774191667260321,-0.26216244190746807,-0.13697287140886674,0.41691961431809865
-1.2064330912977448,0,-0.5225100039615302,1.025255952040236,1.210670564982233,0.41691961431809865
-1.1511036129198355,1,0.3185953683905368,0.2225084772798942,-0.0006396928185775993,-0.4756924233849669
-0.9851151777861079,0,-0.06765013801312121,0.2316448924773205,0.2054329495349183,0.41691961431809865
1.228063957330261,0,-0.5811755803888139,-0.2539566828713177,0.02591298445892428,1.3095316520211642
1.006746043818624,1,2.4800087058201723,-1.9331529807157644,-2.375275867598273,-1.3683044610880324
0.8960870870628056,0,0.2829794940855542,0.5813724229064212,0.3274713269280958,-0.4756924233849669
-1.3170920480535633,1,0.5717039530798117,0.670313902196215,0.2515365485184201,0.41691961431809865
0.17680386814998572,1,-1.1372782362791947,-0.20093777074759064,0.3875814491176932,0.41691961431809865
-0.4318203940070157,1,-1.2287606128616002,-0.6759680405102318,-0.05007144661650093,-1.3683044610880324
0.23213334652789494,0,-0.3620040365002989,-2.2721888036249656,-1.968357292631109,-1.3683044610880324
-1.3170920480535633,0,0.6749059931028024,0.73854434297294,0.2551461368546289,0.41691961431809865
0.010815433016258064,1,0.7255477432301062,-0.8154709076202196,-1.04972164836597,-1.3683044610880324
-0.4871498723849249,0,1.5254477992558804,1.3706889963120508,0.32404838122632706,-0.4756924233849669
-1.4277510048093818,1,-0.23375994382564858,-1.1252371852609404,-0.9510654436260954,-1.3683044610880324
-0.4871498723849249,1,0.9917186347279795,0.505747913005648,-0.08956076766396469,0.41691961431809865
-1.7043983966989278,1,-0.5606653637216337,-0.7238629186615262,-0.43335092999326824,0.41691961431809865
0.8960870870628056,1,0.07601898178833251,-0.40129811244723473,-0.43045707268133565,-1.3683044610880324
0.3427923032837134,1,1.3428575712245046,0.28335250441921356,-0.4201854118588702,1.3095316520211642
-0.9297856994081987,0,2.181240310125202,1.556366343452322,0.14449050372331962,-0.4756924233849669
-0.3211614372511973,1,-1.9149200343539432,0.5030571096577079,1.6758715704737004,-1.3683044610880324
-0.2105024804953788,0,-0.636395758229931,0.8087113995939053,1.0785952818741487,0.41691961431809865
-0.044514045361651156,1,-0.06573905560694779,-0.31258045365048537,-0.28559042990524475,-0.4756924233849669
-0.9851151777861079,1,1.3839268270821279,0.2665621817603219,-0.45036655229537087,0.41691961431809865
-0.4871498723849249,1,-0.5136241703953477,0.5360261179477767,0.7404302892416924,1.3095316520211642
-0.26583195887328803,0,0.8446658311562235,-0.06148374766269879,-0.48069529111925596,-0.4756924233849669
1.504711349219807,1,-0.0356677034257597,0.9619233912370391,0.8437514071749987,1.3095316520211642
-0.1551730021174696,0,0.40233837362417285,1.43434632150163,0.9922872191094492,-0.4756924233849669
-0.09984352373956037,1,-1.294568287754937,-0.661463509796013,0.0006313206634225109,-1.3683044610880324
1.504711349219807,1,1.3888474605623362,1.3295401576682382,0.3613444046677385,1.3095316520211642
0.8960870870628056,1,-1.6960848643175872,-0.23621181015758302,0.695402011330333,0.41691961431809865
-1.1511036129198355,1,0.15125373208125256,1.5629550843779627,1.2605181329555049,-0.4756924233849669
1.228063957330261,1,0.12603645034209768,1.2035810234159756,0.9603315382836496,-0.4756924233849669
-0.8744562210302895,1,0.4133354211849639,-0.9523249656164448,-1.0484980605667402,1.3095316520211642
-1.4277510048093818,0,0.3834657092917771,0.8370114144733417,0.49290537498083925,1.3095316520211642
-0.8744562210302895,1,1.8308716108714918,0.09538329242996951,-0.7561610339741128,-1.3683044610880324
-1.261762569675654,0,-1.3385359797540675,-0.8877567949239357,-0.21286025554793234,1.3095316520211642
1.1174050005744425,1,0.3628311776945279,-0.8333317677730394,-0.927512775391321,-0.4756924233849669
-1.3724215264314725,0,-1.1008185572876341,0.17651422955515075,0.7509267304952676,-1.3683044610880324
1.5600408275977162,0,-0.6584426981538652,1.477502246508405,1.7389014534255933,0.41691961431809865
0.7854281303069872,0,-1.660624075925353,-0.2531704410644365,0.6539280608354271,0.41691961431809865
1.3940523924639885,1,-0.9687967849821634,0.9163678420742238,1.4104689370012677,-1.3683044610880324
0.3427923032837134,0,1.1556967107224942,-1.48357827823374,-1.7268959540238669,0.41691961431809865
1.2833934357081702,1,-0.5177059391270153,-0.051221532458610074,0.1852751765580917,-0.4756924233849669
1.1727344789523517,1,2.0625850269116786,0.5824234760224378,-0.4946540264641331,-0.4756924233849669
-0.4318203940070157,1,-0.6734041968165495,0.23011085907609038,0.5430844032941293,0.41691961431809865
-0.9297856994081987,0,0.18273118611041506,0.5517751940871526,0.3555484948235738,0.41691961431809865
1.504711349219807,1,2.033658711879831,-0.2192841097194512,-1.0565281872060277,-1.3683044610880324
0.730098651929078,1,-0.8628533691580049,0.5361151109572595,0.9598156764591484,1.3095316520211642
-0.763797264274471,0,0.4881988068432647,0.7172909015859832,0.33468554278396506,1.3095316520211642
1.504711349219807,1,1.1759271344733095,-1.6961573711332067,-1.8991838753165564,-0.4756924233849669
0.6747691735511687,0,0.5010908359258247,-0.43782675304007357,-0.6469218498465037,-0.4756924233849669
-0.5978088291407434,1,-1.2727976110289843,0.0013639665924820652,0.6789575692708117,-0.4756924233849669
1.228063957330261,0,0.0048313047325762104,-1.5065555193539104,-1.3850656898706002,0.41691961431809865
1.4493818708418977,0,-0.3853902801618726,0.322191683186984,0.4634131826889604,1.3095316520211642
-0.26583195887328803,1,-0.08957905773804885,-0.18222318535009036,-0.15658461823042652,0.41691961431809865
0.23213334652789494,1,0.8682212914047692,0.5284277294530215,-0.01286883485827882,-1.3683044610880324
-1.6490689183210185,0,-0.8862131604720042,-0.4482820906575283,-0.002267937790680844,-1.3683044610880324
-0.26583195887328803,1,-0.1913401793020214,0.6055483571168279,0.6133839701826816,0.41691961431809865
-1.483080483187291,0,1.5825796110782318,-1.2197386751459138,-1.6468858911355049,0.41691961431809865
-0.9297856994081987,0,1.319928979455925,-0.07549913305677043,-0.6872268781616189,0.41691961431809865
1.504711349219807,1,0.6616148452261059,0.009216176824060132,-0.3425300219279766,-0.4756924233849669
-0.9851151777861079,1,0.02292537284911116,1.1950533484435613,1.0163289234644854,-1.3683044610880324
0.5641102167953502,0,0.12306286211161223,2.029664611659289,1.6898907379490338,1.3095316520211642
0.7854281303069872,1,1.0361641750677384,-1.0201166935212425,-1.3238116632054868,0.41691961431809865
1.6153703059756255,1,-0.9270529527531308,-2.5472867689386005,-2.0746686978697966,-1.3683044610880324
0.010815433016258064,0,-1.1848118832513683,-0.4407952000503728,0.1686316574952553,1.3095316520211642
-1.0957741345419263,0,-0.5170906723757918,1.454756557194145,1.6148851391362633,0.41691961431809865
-0.5424793507628342,1,-0.3767212607679603,-1.1655482424451422,-0.9307987055619175,0.41691961431809865
0.45345126003953184,1,-0.3492346901665597,0.6102758828616267,0.7109777847083505,-0.4756924233849669
0.45345126003953184,1,1.0323922874756373,2.2012500151874876,1.2405118649522795,1.3095316520211642
-0.4318203940070157,1,2.025583076962425,-2.0357558842111954,-2.354173666538413,-1.3683044610880324
0.23213334652789494,1,-1.7097567994634204,1.304598972239123,2.3999752366046185,0.41691961431809865
0.17680386814998572,0,0.4593830482826603,1.9767140427335421,1.4177782196063224,-1.3683044610880324
-0.763797264274471,1,-0.9300194356727743,-0.4817409682460393,-0.012279763539933247,0.41691961431809865
1.3940523924639885,1,-1.1667080084075492,-1.3513920804733326,-0.777269684616531,0.41691961431809865
-0.6531383075186525,1,0.27929990756972256,-2.1640842949306123,-2.0463405786095388,-1.3683044610880324
-0.26583195887328803,1,-2.0827353589113544,0.145579682410195,1.396946672006864,-1.3683044610880324
1.1727344789523517,1,0.21228265361191995,-2.5523753189352902,-2.3671616765369423,1.3095316520211642
1.504711349219807,1,0.7324609741525693,0.20470887635304183,-0.21330595738809505,0.41691961431809865
0.8407576086848964,0,0.7034587703679609,0.867635704057587,0.347004908837904,0.41691961431809865
1.3940523924639885,1,0.3333429326584584,-0.4727569981889915,-0.6058979047006762,0.41691961431809865
-0.763797264274471,1,-0.6134212335415015,0.9224341900551442,1.172844834883271,-0.4756924233849669
0.730098651929078,0,0.20803624103782753,0.5428046743128347,0.33408566690115876,0.41691961431809865
0.5087807384174411,0,1.2005453887544044,0.47200459370407416,-0.21188950318275926,1.3095316520211642
0.28746282490580416,1,0.41043047934123356,0.0291337086550369,-0.2106490000021954,-1.3683044610880324
1.6153703059756255,0,-1.100061068849339,0.24468078123517129,0.8199204867506892,1.3095316520211642
0.8407576086848964,1,-0.535605237791044,-0.3527638255767856,-0.09195343406977084,-1.3683044610880324
-1.0957741345419263,0,-1.6472927726290574,1.3116169643030804,2.353726568919197,1.3095316520211642
0.3427923032837134,1,-0.9125767043488139,-0.8943056977556615,-0.4324330187543606,1.3095316520211642
0.1214743897720765,1,-0.332443507894851,0.31957660346500827,0.430893167508471,1.3095316520211642
1.504711349219807,1,0.7963933718607737,-0.7356178718966213,-1.0104156303401481,-1.3683044610880324
0.3981217816616226,1,0.8744663519790172,1.6023370031417574,0.8535223531016072,-1.3683044610880324
-0.9297856994081987,0,-0.6292929422977461,1.4039598583859616,1.6467934036015217,0.41691961431809865
-1.7043983966989278,0,0.656515840273314,1.8065676722736457,1.1503680707605783,1.3095316520211642
0.010815433016258064,1,-0.45165377465501283,-0.24154552298848717,-0.029647975573596053,-0.4756924233849669
-0.3211614372511973,1,-0.961874105257252,-0.03223112776909148,0.455106518664414,-1.3683044610880324
-0.2105024804953788,1,-0.7537433663688922,0.645155558535015,0.9963254545032234,-1.3683044610880324
1.504711349219807,0,-0.8964920846291137,-2.18833960408432,-1.7263979726191634,-1.3683044610880324
-0.4871498723849249,1,-0.5147414971205311,0.7081367439549033,0.904485380959188,-0.4756924233849669
-1.5384099615652,0,-0.22365230660911192,-0.2324509949855536,-0.13630661207549927,-1.3683044610880324
0.28746282490580416,0,-0.5866011523844373,-1.1122950643833307,-0.7930380968318159,-0.4756924233849669
-1.759727875076837,1,1.1229761855172467,-0.8340072866886848,-1.205768215982707,1.3095316520211642
-0.26583195887328803,1,0.7225102705825289,1.352727148096798,0.736409080933944,-0.4756924233849669
0.5641102167953502,0,1.6383483352314108,1.562059791713802,0.410975104261604,-0.4756924233849669
-1.6490689183210185,0,-0.07780857765307686,0.7998290078248858,0.723126377952036,1.3095316520211642
1.3940523924639885,0,0.3019730916384933,0.7587426493398571,0.47044066292010206,1.3095316520211642
1.2833934357081702,1,0.43906909063575433,-0.3479216993734034,-0.5444789315726641,1.3095316520211642
0.17680386814998572,0,-1.1813009307094744,0.06932437041523956,0.69180699511861,-1.3683044610880324
-1.5937394399431093,1,-1.467890556822157,-1.1535326129444998,-0.4283426030475281,-0.4756924233849669
0.8407576086848964,0,0.6828990465492829,0.6351274494916475,0.16552384307961387,-0.4756924233849669
0.45345126003953184,0,-0.16958703360109068,0.5754565003884469,0.5733225196186945,0.41691961431809865
-0.4318203940070157,1,0.7140969869592222,-1.4360569051549112,-1.5568949069436702,0.41691961431809865
-1.5384099615652,1,-0.8162032903675297,-0.46561485504223665,-0.05631138460531196,1.3095316520211642
-0.6531383075186525,0,0.49485780711410887,-0.12221130973209686,-0.37778295727588695,1.3095316520211642
0.23213334652789494,0,0.09149599661946031,-1.0376759865934375,-1.0001142538879968,1.3095316520211642
0.010815433016258064,0,0.3709125963960336,0.4695356282462716,0.18510772761501826,0.41691961431809865
0.3981217816616226,0,-0.7531150322891037,1.4507730315854959,1.7828623578950038,-0.4756924233849669
-0.1551730021174696,0,-1.3564656795951313,-0.24135652985682818,0.4766492548994101,1.3095316520211642
-1.3724215264314725,1,-0.5287621587548934,-1.954761826872307,-1.618675554094641,-1.3683044610880324
0.3427923032837134,0,0.634632655289653,0.292841347789617,-0.09462241050137345,1.3095316520211642
-0.044514045361651156,1,-0.5322530359871935,0.07703467728472854,0.3151759542643686,-1.3683044610880324
-1.4277510048093818,0,1.1639143024960736,0.39761200061736696,-0.2537450089620161,-1.3683044610880324
-0.37649091562910647,1,0.6976533927458889,-0.013019424397423778,-0.37697797802520666,-0.4756924233849669
1.3940523924639885,1,0.5893062434002767,-1.4112189481326713,-1.4968487075157404,-1.3683044610880324
-0.1551730021174696,0,-2.5809343960905147,-1.2392754539938644,0.08374622430554318,1.3095316520211642
-0.09984352373956037,0,0.5236568665452329,0.09983358404593103,-0.20374737548225721,1.3095316520211642
0.6747691735511687,1,0.48604528002414227,-0.465955734608221,-0.6644081558953812,0.41691961431809865
-0.26583195887328803,1,-0.09359912038029566,1.2873133880419663,1.1728163430843197,0.41691961431809865
-0.8744562210302895,1,-1.6147677837257766,-0.5173909232383641,0.3373531296020423,0.41691961431809865
1.0620755221965332,1,0.8977046522480763,-0.22529545827304448,-0.6355758246790975,-1.3683044610880324
0.23213334652789494,0,-0.7658940409280116,-1.5884469285075777,-1.1809973289479883,-0.4756924233849669
0.3427923032837134,1,-0.1287554568593804,2.4403359077800553,2.2413213278846493,1.3095316520211642
-0.26583195887328803,0,0.7725898338150915,-1.3687278364238056,-1.51990931444849,-0.4756924233849669
-0.26583195887328803,0,1.198780431394981,-1.0674407680826026,-1.413997590843895,1.3095316520211642
-1.7043983966989278,0,0.018527950952234022,-0.9493596861384114,-0.8929622173592994,-0.4756924233849669
-1.483080483187291,0,1.5670535251750144,0.3226168100683976,-0.4838706059549609,-1.3683044610880324
-0.37649091562910647,1,1.793882405689127,1.1573568230742488,0.03667671198444961,-0.4756924233849669
1.6153703059756255,0,-0.0017383094678351148,1.6961506838686935,1.4795307129985948,1.3095316520211642
-0.9851151777861079,0,-0.25959086208872106,-0.5754808525198101,-0.4343825768898224,0.41691961431809865
-0.4318203940070157,1,0.26591877050682844,0.14644128600316636,-0.04034972034991566,1.3095316520211642
0.8960870870628056,0,1.3432882775817936,0.8060318651739374,-0.018266185750584425,-1.3683044610880324
0.23213334652789494,0,0.8788211683227797,-1.0493122562137442,-1.294586943191875,1.3095316520211642
-1.5384099615652,1,0.7902076846562496,0.8084035943385173,0.2535203826932404,-1.3683044610880324
-1.6490689183210185,1,0.22192131737458848,-0.19179080720597275,-0.3132147171173643,0.41691961431809865
-0.4318203940070157,1,2.556768900589237,-0.7525028358214009,-1.590038285026508,-0.4756924233849669
0.28746282490580416,0,-0.8488900147971874,-0.642235392540717,-0.2137149757858303,1.3095316520211642
-1.1511036129198355,1,0.6401347074921699,1.593440322739672,0.9833686758008198,0.41691961431809865
0.8960870870628056,1,0.720617802228359,1.5934765946265026,0.9357243235634939,-1.3683044610880324
0.6194396951732595,0,-0.6729060054528747,0.48675932840174896,0.7910744661660305,-1.3683044610880324
0.7854281303069872,1,0.4390637205183495,-0.18736259404465805,-0.4080308711006746,1.3095316520211642
-1.6490689183210185,0,-0.4410512377984876,-0.6609730281289581,-0.42976264956068483,-0.4756924233849669
-1.0957741345419263,0,-0.4967467480838831,1.72853111768111,1.859731913532226,0.41691961431809865
-0.763797264274471,1,-0.49055053843489943,-0.6390743311355467,-0.3858260529141929,0.41691961431809865
0.730098651929078,1,-0.7131282730193422,1.0756250837905401,1.388560097978819,1.3095316520211642
-0.4871498723849249,1,-0.5620622501623498,-0.9955752651296298,-0.6920783732036941,-0.4756924233849669
0.6194396951732595,1,-1.3622870390145818,-0.8830090807453431,-0.19547560235860578,1.3095316520211642
-1.0957741345419263,0,0.46569620116505217,-0.9257371517927296,-1.0454854433032463,0.41691961431809865
-0.044514045361651156,0,2.1223800620957243,-0.8521823348098049,-1.5352551822089677,-0.4756924233849669
-0.4318203940070157,0,-0.6007725844978109,-0.5689849594550251,-0.26590613799839025,1.3095316520211642
-1.5384099615652,1,-0.7250595800360393,0.6020446995234853,0.9358118784364874,-1.3683044610880324
-1.7043983966989278,0,-2.3367735949838027,-0.904418157502,0.3398060943145192,0.41691961431809865
-0.26583195887328803,0,0.9153487017485494,0.1863259777210592,-0.31106385486611565,1.3095316520211642
-0.763797264274471,1,0.9230523094031178,-1.6666030212738945,-1.806530297635328,1.3095316520211642
1.1174050005744425,1,-0.45585530093118637,0.8828048415930003,1.0323427858330587,0.41691961431809865
0.5641102167953502,1,1.3519947986508285,-0.13363410581971766,-0.7445403035655884,0.41691961431809865
-0.09984352373956037,0,0.5383866097101891,1.7919667306419114,1.2114017988956283,1.3095316520211642
-1.5384099615652,0,-0.17462236497445963,0.9325550001487054,0.9018574697663454,0.41691961431809865
-0.4318203940070157,1,2.0199760749398346,0.08871433024522689,-0.8312183667747018,-0.4756924233849669
-0.9297856994081987,0,-0.8998198587749745,-1.5791580707254416,-1.119561296617755,1.3095316520211642
0.23213334652789494,1,0.8975789260390249,-0.4379439124620213,-0.8072360851602973,1.3095316520211642
0.5641102167953502,0,0.40636794630819095,-0.34133850097842744,-0.5247407988072963,-1.3683044610880324
-1.3170920480535633,1,2.279837282094683,1.6792615594700318,0.18490008072811087,1.3095316520211642
-1.261762569675654,0,0.770501232847114,1.077522179364966,0.4839804890960681,1.3095316520211642
1.6153703059756255,0,-0.9901133860419555,-1.4196400091368426,-0.9231499459932804,-1.3683044610880324
-1.261762569675654,1,0.44105334541608837,2.4054656981802403,1.794014857897159,-0.4756924233849669
0.1214743897720765,0,-0.9830932640052852,0.3040244246766815,0.805449078205537,-0.4756924233849669
-0.1551730021174696,1,-0.7227112524389915,1.9238678267055382,2.220757745693118,-0.4756924233849669
-1.040444656164017,0,1.5071132734066708,-0.5000768276655119,-1.0810131960648182,1.3095316520211642
-0.2105024804953788,0,-0.48231232239789934,0.23838026818359684,0.43998411322230413,-0.4756924233849669
1.006746043818624,0,0.025669254609338093,-0.23993135354501816,-0.2637968336849182,-1.3683044610880324
-0.5978088291407434,0,0.5510495379963068,-0.06118457766828949,-0.3516305445293104,-0.4756924233849669
1.4493818708418977,0,0.010281179648198129,-0.7729498576954407,-0.7322114824175152,-1.3683044610880324
0.6747691735511687,1,0.35219101762224625,1.261524996698884,0.8744576503196787,1.3095316520211642
-1.3724215264314725,0,-0.14010065165953925,0.6904469351303166,0.6607986844218001,-0.4756924233849669
1.504711349219807,1,0.625205567664455,1.2916256119065608,0.7410999871891378,1.3095316520211642
-0.26583195887328803,1,0.26491478349653685,1.6201354823390708,1.2374953371534443,1.3095316520211642
0.3427923032837134,1,-1.4587303958213846,0.5873719768934534,1.4227002675949993,0.41691961431809865
-0.5978088291407434,1,-0.5844612360564693,-0.3486821742781504,-0.06303074137453245,-1.3683044610880324
-0.9297856994081987,0,-1.314306063653326,0.6153807712367662,1.3478748701931338,0.41691961431809865
1.0620755221965332,1,2.0547955896555803,-0.16242433790744576,-1.0231645840500567,1.3095316520211642
-1.7043983966989278,0,-2.211877968644597,-0.41168679016779314,0.8412157395729,-0.4756924233849669
1.4493818708418977,0,-0.39136946256432464,1.6717676172342624,1.7292626824098871,-0.4756924233849669
1.5600408275977162,0,-1.0274204299333862,-0.4435346399890857,0.07857861637516093,-1.3683044610880324
0.1214743897720765,1,-0.9344620681250421,-2.231874500976692,-1.7576214639307621,-1.3683044610880324
0.7854281303069872,1,0.9655241699209232,-0.08216009495270635,-0.5484918711261241,-1.3683044610880324
-1.3170920480535633,0,1.4730896390184591,-0.25510811331631317,-0.8832464419550035,-0.4756924233849669
-0.8744562210302895,0,-0.5762161204276974,-0.1771042537614201,0.09679864833645575,-0.4756924233849669
-1.040444656164017,0,2.4655836221451395,0.3720090648007659,-0.7948294596780703,-1.3683044610880324
-0.6531383075186525,1,-2.3963214699313413,-1.2658651971411634,-0.05782988287879427,-1.3683044610880324
-1.261762569675654,1,0.2793370387945602,0.019038892587893864,-0.1571961411639986,-1.3683044610880324
-1.759727875076837,0,-0.06759796436270625,-0.42248080994050297,-0.3836837887356834,0.41691961431809865
0.1214743897720765,0,-0.04548345844143973,0.30428253182205606,0.258944445937544,-0.4756924233849669
-1.040444656164017,0,0.11880227395884378,-0.5490091252703898,-0.5799493791538135,0.41691961431809865
-0.09984352373956037,1,0.9932882227851394,-1.1685411481593484,-1.4281450823219273,1.3095316520211642
1.3940523924639885,1,-1.7600293759822874,0.27379904894875884,1.302062508444334,0.41691961431809865
-1.0957741345419263,1,-1.564481977824458,-1.3830794662372132,-0.6278363299665932,0.41691961431809865
-0.4871498723849249,1,-2.5930189117296476,0.7605936529148366,2.564583661027706,-1.3683044610880324
0.8407576086848964,1,-0.18645550884687262,-0.6081661593711151,-0.497749610220367,-0.4756924233849669
1.504711349219807,1,-1.6407985205160494,-0.25840042780718475,0.6355192874401926,0.41691961431809865
-0.3211614372511973,0,-0.5639358041405784,-0.13752625084990855,0.12804341946669498,-1.3683044610880324
-1.2064330912977448,0,0.25691661044018094,0.34262295593961983,0.13428532019992234,0.41691961431809865
-1.0957741345419263,1,-0.6961060660128287,-0.8425355718984054,-0.4840763682355479,-0.4756924233849669
-1.1511036129198355,1,-1.1045984070573973,-0.46633669657843,0.09778327480067994,0.41691961431809865
1.3387229140860795,1,2.379009774351985,0.6543971361004081,-0.5683991596778541,0.41691961431809865
-1.040444656164017,0,1.6319648285649793,0.9887792881055658,-0.013473599786144869,-0.4756924233849669
-1.6490689183210185,1,1.1299988418922136,-1.0177781943972495,-1.352845146609383,-0.4756924233849669
-1.2064330912977448,0,0.889720217500519,0.10120400912462968,-0.3684281012544104,0.41691961431809865
-0.8744562210302895,0,0.8743465650207866,0.3005612304826448,-0.20027321837596151,1.3095316520211642
-0.6531383075186525,0,-1.356619690788871,-0.5025754477777977,0.20187381460356346,0.41691961431809865
0.23213334652789494,0,-0.08964571626151849,-0.9948697517991029,-0.8902791567969924,-0.4756924233849669
1.228063957330261,0,-0.3518897458976806,-1.9979465076548284,-1.715875343046313,1.3095316520211642
-0.37649091562910647,0,-0.34701569993134074,-0.02905527217410949,0.11472781838428919,0.41691961431809865
0.6194396951732595,1,0.6065803527508637,-0.9205175310121338,-1.093143926094772,-1.3683044610880324
-0.4871498723849249,0,0.5279737557506401,-0.3365341010560219,-0.5729015000389508,-1.3683044610880324
-0.2105024804953788,1,-2.0060483129561186,-1.1760523221825674,-0.1721615601859209,0.41691961431809865
-1.483080483187291,1,-1.1372597984001322,-0.9538276153752812,-0.3832806751605301,-0.4756924233849669
-0.8191267426523803,0,-0.5252016739228244,1.8154905080416277,1.963523900885116,-1.3683044610880324
-1.3170920480535633,1,-2.262795470644016,0.28953224073256456,1.7061246469416214,-1.3683044610880324
0.3427923032837134,1,-0.4893545226001672,-0.37586971861904983,-0.13730123698932023,0.41691961431809865
-1.6490689183210185,0,1.7173509033109116,0.047853468517547355,-0.7480991756250822,-1.3683044610880324
-0.9851151777861079,1,-0.19993264519726855,-0.2586465032702272,-0.17198770208815045,0.41691961431809865
0.23213334652789494,1,0.9260102879838662,-0.4325380578788979,-0.8139727792370218,-0.4756924233849669
-1.5384099615652,1,0.39913769677183975,0.3311412246013661,0.05246497496510019,-1.3683044610880324
0.1214743897720765,1,-1.4229271393343976,0.29723132946353775,1.0887575223210433,-0.4756924233849669
1.5600408275977162,0,0.4030018587344371,0.5605686751538956,0.24630381739971519,-1.3683044610880324
-1.261762569675654,1,-0.27329460460018745,1.4632712149172822,1.452670650793156,0.41691961431809865
-0.8191267426523803,1,0.25211535335031665,-1.8562593260515694,-1.7719565487491116,-0.4756924233849669
-0.2105024804953788,0,-0.2868369028774289,-0.2617460033429345,-0.13190588725512434,-0.4756924233849669
0.7854281303069872,0,0.5946560640073357,-1.2229111083146613,-1.3413088191966995,-1.3683044610880324
-1.040444656164017,0,-0.5754997216720424,-0.6016471806570947,-0.30951552965091544,0.41691961431809865
1.228063957330261,1,0.9239947769148726,-0.47811683063655164,-0.84988521829061,1.3095316520211642
1.6153703059756255,0,0.37540294726982604,0.49053759574692857,0.20077280566517502,0.41691961431809865
1.0620755221965332,1,-0.6215567171683911,1.292069211560058,1.533637880346497,-0.4756924233849669
-1.2064330912977448,1,-0.31168611112789757,1.4570593841743524,1.4732459717065325,-1.3683044610880324
0.7854281303069872,1,0.2838743555279375,0.9907441961958592,0.6810584417151097,1.3095316520211642
1.0620755221965332,1,1.750318587714186,0.223904191603115,-0.6308969829084062,1.3095316520211642
-0.8744562210302895,1,0.9642064495413318,1.0265715416958796,0.3408236712533632,-0.4756924233849669
-1.0957741345419263,0,1.3023849875656488,1.772563902660781,0.7477066342191062,-0.4756924233849669
0.6194396951732595,1,-0.22922963408997318,-1.1669423431501649,-0.9911507126418123,-0.4756924233849669
0.1214743897720765,0,1.6285852789651811,-1.193767143705928,-1.6406919390283012,1.3095316520211642
-0.4871498723849249,0,0.9007851782340675,-2.4528559622351405,-2.43493941303894,0.41691961431809865
0.6747691735511687,0,-0.5807745413519759,0.6085784955573363,0.850946901977156,1.3095316520211642
1.1174050005744425,1,-1.605574815877498,-0.6327435370549112,0.2065788184209299,-0.4756924233849669
0.45345126003953184,0,0.1567336936039463,-1.611405275735989,-1.5286888352611554,0.41691961431809865
1.1727344789523517,1,0.3902114124768522,-0.5958615887174243,-0.7352192415997022,-1.3683044610880324
1.3387229140860795,0,-0.39511355309349866,0.3914687659296455,0.5338024955398134,-1.3683044610880324
0.45345126003953184,0,-0.40876547887584813,0.13038270630043974,0.2969940386302715,-0.4756924233849669
0.1214743897720765,0,-1.2370612800654153,-0.8073072018974703,-0.18176083575024243,1.3095316520211642
0.5087807384174411,0,1.1006507285031273,0.9904743075606653,0.24278366979091207,-1.3683044610880324
-1.1511036129198355,1,0.24248992228884572,-1.2428495203967482,-1.2360667023745282,1.3095316520211642
0.3427923032837134,0,0.052377046026587604,-0.9168579223202195,-0.8776250042845541,-0.4756924233849669
-1.2064330912977448,1,-0.07627643707567093,-1.0688648698575904,-0.9623754449819009,-1.3683044610880324
-0.9297856994081987,0,0.7919809867093694,-0.7907156595754136,-1.0537920471494593,-1.3683044610880324
1.1174050005744425,1,-0.8061548502099561,-1.0471453678277425,-0.6332743960418568,-1.3683044610880324
0.1214743897720765,0,0.03872281760764411,1.009981712931268,0.8418944499417832,-1.3683044610880324
1.2833934357081702,1,0.4143019497308296,-1.0145471318970085,-1.1018853354262623,1.3095316520211642
-0.3211614372511973,1,-1.5346724858699397,0.28879870291422416,1.1572939338477535,0.41691961431809865
1.5600408275977162,0,0.3198668757053642,-0.37063821895136256,-0.5121850403038158,1.3095316520211642
1.228063957330261,1,0.09755249734747154,-1.130320141211089,-1.0843109087826388,-1.3683044610880324
-0.09984352373956037,0,1.7306752411708262,1.4526731280665686,0.28398810487856346,0.41691961431809865
1.3940523924639885,1,-0.9158605206319985,0.6446813807632752,1.1025039567268105,-0.4756924233849669
0.730098651929078,1,-1.2176650577996349,-1.151009285455905,-0.547278726054695,-1.3683044610880324
1.006746043818624,1,-0.5020577690847842,-1.219273655244634,-0.9302920227057834,-0.4756924233849669
1.228063957330261,0,0.9705189366495155,1.207508527989478,0.4825120859483704,-1.3683044610880324
-1.4277510048093818,0,1.2919984745084163,1.601027713508298,0.6207272754028924,0.41691961431809865
-1.3724215264314725,0,-1.5922987124283623,-0.8899954167694163,-0.08003467179709889,0.41691961431809865
0.3981217816616226,1,-0.5266427253683916,1.8441254608541922,1.9918319669205073,-0.4756924233849669
-1.483080483187291,0,-0.521896163087103,0.6988333200041205,0.9001426668657901,0.41691961431809865
-0.1551730021174696,1,0.7806362371463228,-1.1585825280263664,-1.3505448621670704,0.41691961431809865
-0.2105024804953788,0,-1.112866800466898,-2.175305546102197,-1.6421198588443346,-1.3683044610880324
-0.044514045361651156,1,0.06757325216001121,-0.7813894176932652,-0.7636176663955309,0.41691961431809865
-0.5424793507628342,0,0.1875951486282167,0.3532631170193166,0.1793324414701134,1.3095316520211642
-1.3724215264314725,1,0.05692905429193125,-0.8756318918868838,-0.8428577622125002,-0.4756924233849669
-1.6490689183210185,1,-0.6838791028233489,0.06808172871238624,0.39231970132622834,1.3095316520211642
0.010815433016258064,0,0.7844791335995783,-0.5450643463440619,-0.8501927295517206,0.41691961431809865
1.504711349219807,0,-0.5494684919281847,-0.2529193292980621,0.010293456374927332,-0.4756924233849669
0.3427923032837134,1,0.497673083175738,1.3600097131545272,0.8722810265396562,-0.4756924233849669
0.010815433016258064,1,0.7758636164819455,-1.9076205714235237,-1.961976069644861,-1.3683044610880324
-0.044514045361651156,0,-0.4152433798440993,0.4319973466173172,0.5835108602527527,1.3095316520211642
1.3940523924639885,1,-1.3734341807090553,-0.3895369487849491,0.33072022822147534,1.3095316520211642
-0.1551730021174696,0,-0.0439927768555841,0.4058389284700981,0.3493543503911695,1.3095316520211642
-0.4871498723849249,1,-0.5089083723439201,-0.36089981375075847,-0.11324847204190451,1.3095316520211642
1.1174050005744425,1,0.8233165714280815,-0.9049605879977264,-1.1582386349174814,-0.4756924233849669
1.4493818708418977,0,-0.7570986255792882,0.08533445967260471,0.45139225043068837,0.41691961431809865
0.23213334652789494,0,-0.17108315814951847,1.0634694319175917,1.0190093256671204,-0.4756924233849669
-0.4871498723849249,0,-0.6852095646010826,-0.19461885692334632,0.13856571901205003,-1.3683044610880324
0.8960870870628056,1,-0.6931271633699734,0.7379459174783265,1.0472343347251347,1.3095316520211642
0.8960870870628056,0,-1.1494780314664814,-0.4176298302169227,0.17256762108747237,0.41691961431809865
-0.7084677858965618,0,1.5568726287864931,-0.2936166721411337,-0.9430645778645242,-1.3683044610880324
1.3940523924639885,0,1.581148635387322,1.28107363954235,0.2292088881711493,1.3095316520211642
-1.6490689183210185,1,-0.601747003043856,0.38309915561479885,0.6477862397888204,0.41691961431809865
-1.7043983966989278,1,0.4304082867151184,-0.27761999080790867,-0.48094418957711366,0.41691961431809865
-0.09984352373956037,0,0.9690208983140277,-0.17111749717762756,-0.6212235405948779,1.3095316520211642
1.0620755221965332,1,-0.13146140646381962,1.1652450703460866,1.0865226174964195,-1.3683044610880324
0.8407576086848964,0,0.06779661840029644,0.738369877589985,0.5836692189381217,-0.4756924233849669
-1.7043983966989278,0,-0.26181705428456437,1.4131157584931695,1.3986276850714687,0.41691961431809865
-1.4277510048093818,1,-0.7764713268500479,-0.14850495759020035,0.23362827100522407,1.3095316520211642
-0.26583195887328803,1,0.22536683303599092,-0.8524894971747504,-0.8900700418288917,0.41691961431809865
1.2833934357081702,0,1.5810495562322542,0.11359352062338009,-0.6463966342545131,-1.3683044610880324
0.17680386814998572,1,0.29721662707447843,-1.2076134413092863,-1.2250612735978879,1.3095316520211642
-0.7084677858965618,1,-1.2611280572398063,0.4789032976578082,1.1681400444768948,0.41691961431809865
-1.483080483187291,0,0.1282618448280386,-1.1673160029862886,-1.128430683183543,-1.3683044610880324
0.45345126003953184,0,-0.21734199448797767,-0.23427945980706905,-0.14110587533188923,-1.3683044610880324
0.45345126003953184,0,-1.1538490165167428,0.3179888526612276,0.9297432445992674,0.41691961431809865
0.6747691735511687,1,1.7330345155236142,-0.7396583818814032,-1.3353150814867918,-1.3683044610880324
0.1214743897720765,1,0.35828341340529624,-1.0122023296645375,-1.0791448485471649,0.41691961431809865
1.504711349219807,0,0.7566873061564041,-0.7617578885093295,-1.0170897041777145,0.41691961431809865
0.23213334652789494,1,0.951364041275703,-0.3447777872892074,-0.7533809290505943,-1.3683044610880324
-0.5978088291407434,0,1.2233817386218149,0.12955767894810746,-0.4889945732890801,1.3095316520211642
-0.2105024804953788,1,-0.24846486554389516,0.19613212860259102,0.2702201416058982,-0.4756924233849669
0.7854281303069872,1,-0.16047066800774615,-0.03956590963414641,0.008171418531042111,0.41691961431809865
-0.5424793507628342,1,0.6231622994031145,0.5092358933794223,0.0909786140189585,-0.4756924233849669
0.8960870870628056,0,1.5354853987397925,-0.38580420364946627,-1.004771045413006,0.41691961431809865
1.5600408275977162,1,0.04543667428214805,-0.5919413035984445,-0.5860276881956433,-1.3683044610880324
-0.1551730021174696,1,1.0329905600941143,0.02609049081898289,-0.49040134025216503,1.3095316520211642
0.8407576086848964,0,-0.186474743474005,1.2200937661036935,1.1717206389430195,-0.4756924233849669
